[Header],,,,,,,,,
IEMFileVersion,4,,,,,,,,
Experiment_Name,Underhill_Mathur_Targan,,,,,,,,
Date,11/27/17,,,,,,,,
Workflow,GenerateFASTQ,,,,,,,,
Application,FASTQ_Only,,,,,,,,
Assay,Nextera_XT_v2,,,,,,,,
Description,,,,,,,,,
Chemistry,Amplicon,,,,,,,,
,,,,,,,,,
[Reads],,,,,,,,,
301,,,,,,,,,
301,,,,,,,,,
,,,,,,,,,
[Settings],,,,,,,,,
ReverseComplement,0,,,,,,,,
Adapter,CTGTCTCTTATACACATCT,,,,,,,,
,,,,,,,,,
[Data],,,,,,,,,
Sample_ID,Sample_Name,Sample_Plate,Sample_Well,I7_Index_ID,index,I5_Index_ID,index2,Sample_Project,Description
ITS_C3-Mes,,,,N701-A,TAAGGCGA,S507-A,AAGGAGTA,WYH-4108--11--17--2017,
ITS_C5-Mes,,,,N702-A,CGTACTAG,S507-A,AAGGAGTA,WYH-4108--11--17--2017,
ITS_Neg1,,,,N703-A,AGGCAGAA,S507-A,AAGGAGTA,WYH-4108--11--17--2017,
ITS_C6-Muc,,,,N704-A,TCCTGAGC,S507-A,AAGGAGTA,WYH-4108--11--17--2017,
ITS_C7-Muc,,,,N705-A,GGACTCCT,S507-A,AAGGAGTA,WYH-4108--11--17--2017,
ITS_Neg3,,,,N706-A,TAGGCATG,S507-A,AAGGAGTA,WYH-4108--11--17--2017,
ITS_C8-Muc,,,,N707-A,CTCTCTAC,S507-A,AAGGAGTA,WYH-4108--11--17--2017,
ITS_U3-Muc,,,,N710-A,CGAGGCTG,S507-A,AAGGAGTA,WYH-4108--11--17--2017,
ITS_C3-Muc,,,,N701-A,TAAGGCGA,S508-A,CTAAGCCT,WYH-4108--11--17--2017,
ITS_C5-Muc,,,,N702-A,CGTACTAG,S508-A,CTAAGCCT,WYH-4108--11--17--2017,
ITS_Neg2,,,,N703-A,AGGCAGAA,S508-A,CTAAGCCT,WYH-4108--11--17--2017,
ITS_C6H-Mes,,,,N704-A,TCCTGAGC,S508-A,CTAAGCCT,WYH-4108--11--17--2017,
ITS_C7H-Mes,,,,N705-A,GGACTCCT,S508-A,CTAAGCCT,WYH-4108--11--17--2017,
ITS_Neg4,,,,N706-A,TAGGCATG,S508-A,CTAAGCCT,WYH-4108--11--17--2017,
ITS_C8H-Mes,,,,N707-A,CTCTCTAC,S508-A,CTAAGCCT,WYH-4108--11--17--2017,
ITS_U5-Mes,,,,N710-A,CGAGGCTG,S508-A,CTAAGCCT,WYH-4108--11--17--2017,
ITS_C3H-Mes,,,,N701-A,TAAGGCGA,S510-A,CGTCTAAT,WYH-4108--11--17--2017,
ITS_C5H-Mes,,,,N702-A,CGTACTAG,S510-A,CGTCTAAT,WYH-4108--11--17--2017,
ITS_C6H-Muc,,,,N704-A,TCCTGAGC,S510-A,CGTCTAAT,WYH-4108--11--17--2017,
ITS_C7H-Muc,,,,N705-A,GGACTCCT,S510-A,CGTCTAAT,WYH-4108--11--17--2017,
ITS_C8H-Muc,,,,N707-A,CTCTCTAC,S510-A,CGTCTAAT,WYH-4108--11--17--2017,
ITS_U5-Muc,,,,N710-A,CGAGGCTG,S510-A,CGTCTAAT,WYH-4108--11--17--2017,
ITS_C3H-Muc,,,,N701-A,TAAGGCGA,S511-A,TCTCTCCG,WYH-4108--11--17--2017,
ITS_C6-Mes,,,,N702-A,CGTACTAG,S511-A,TCTCTCCG,WYH-4108--11--17--2017,
ITS_C7-Mes,,,,N704-A,TCCTGAGC,S511-A,TCTCTCCG,WYH-4108--11--17--2017,
ITS_C8-Mes,,,,N705-A,GGACTCCT,S511-A,TCTCTCCG,WYH-4108--11--17--2017,
ITS_U3-Mes,,,,N707-A,CTCTCTAC,S511-A,TCTCTCCG,WYH-4108--11--17--2017,
ITS_Random,,,,N710-A,CGAGGCTG,S511-A,TCTCTCCG,WYH-4108--11--17--2017,